nama_produk,energy,saturated_fats,sugars,sodium,proteins,fibers,fruits_vegetables,n_points,p_points,nutri_score,category
SariRoti_Roti_RotiTawarJumboSpecial_555G,200.0,1.5,4.0,0.28,6.0,0.0,0.0,9.096707652688098,3.888888888888889,5.207818763799208,C
SariRoti_Roti_RotiSandwichCoklat_49G,150.0,2.5,4.0,0.125,3.0,0.0,0.0,6.823143383291728,2.4989583333333334,4.324185049958395,C
SariRoti_Roti_RotiSobekCoklat_214G,350.0,5.0,19.0,0.29,8.0,0.0,0.0,17.125148160337762,5.730696798493408,11.394451361844354,D
SariRoti_Roti_RotiTawarSpecial_370G,200.0,1.5,4.0,0.28,6.0,0.0,0.0,9.096707652688098,3.888888888888889,5.207818763799208,C
SariRoti_Roti_RotiTawarGandum_350G,190.0,1.5,3.0,0.25,6.0,6.0,0.0,6.772097028833248,5.220008302200082,1.5520887266331664,B
SariRoti_Roti_RotiManisSobekCoklat-Keju_214G,350.0,6.0,16.0,0.5,9.0,0.0,0.0,21.32372522732136,4.271929824561403,17.051795402759957,D
SariRoti_Roti_RotiManisSobekCoklat-Srikaya_214G,350.0,5.0,19.0,0.25,8.0,7.0,0.0,17.469892817800414,7.528955874534821,9.940936943265593,C
SariRoti_Roti_RotiTawarKupasExtra Kalsium_200G,100.0,1.0,2.0,0.15,2.0,3.0,0.0,3.840348861034646,2.523809523809524,1.3165393372251217,B
SariRoti_Roti_RotiTawarPandan_370G,200.0,2.0,3.0,0.33,7.0,2.0,0.0,9.605126048518999,2.046225614927905,7.558900433591094,C
SariRoti_Roti_RotiManisChocoBun_55G,200.0,3.0,8.0,0.15,4.0,1.0,0.0,9.851839105443654,2.2,7.651839105443654,C
SariRoti_Roti_RotiTawarJumboMilkySoft_500G,120.0,1.5,3.0,0.2,4.0,1.0,0.0,6.8554905141441695,2.2,4.655490514144169,C
SariRoti_Roti_RotiLapisSurabayaPremium Original_48G,150.0,4.5,8.0,0.07,3.0,1.0,0.0,10.544444533508686,2.4989583333333334,8.045486200175354,C
SariRoti_Roti_RotiTawarKupasJumbo_300G,100.0,1.0,2.0,0.15,3.0,3.0,0.0,3.840348861034646,2.523809523809524,1.3165393372251217,B
SariRoti_Roti_RotiManisKlasikKasurKrimMesses_185G,210.0,4.0,13.0,0.15,5.0,2.0,0.0,12.122465014146497,4.230854360336433,7.891610653810065,C
SariRoti_Roti_RotiTawarMilkySoft_360G,120.0,1.5,1.0,0.17,4.0,1.0,0.0,3.3169637461818997,2.2,1.1169637461818995,B
SariRoti_Roti_RotiSteamedCheeseCakeOriginal,180.0,2.5,15.0,0.125,3.0,1.0,0.0,10.481556552817835,2.4989583333333334,7.982598219484502,C
SariRoti_Roti_RotiLapis,220.0,7.0,10.0,0.035,3.0,1.0,0.0,15.100687884914551,2.4989583333333334,12.601729551581219,D
PrimeBread_Roti_RotiManisIsiKrimKeju,190.0,4.5,6.0,0.24,5.0,4.0,0.0,11.362257424237539,4.211637120832594,7.150620303404945,C
PrimeBread_Roti_RotiManisIsiKrimJagungManis,190.0,4.5,6.0,0.24,5.0,4.0,0.0,11.362257424237539,4.211637120832594,7.150620303404945,C
PrimeBread_Roti_RotiManisIsiKrimVanila,190.0,4.5,6.0,0.24,5.0,4.0,0.0,11.362257424237539,4.211637120832594,7.150620303404945,C
PrimeBread_Roti_RotiManisIsiKrimCokelat,190.0,4.5,6.0,0.24,5.0,4.0,0.0,11.362257424237539,4.211637120832594,7.150620303404945,C
Mr.Bread_Roti_RotiSandwichKrimKeju,160.0,2.5,0.0,0.25,3.0,3.0,0.0,5.124049046306897,2.523809523809524,2.600239522497373,C
Mr.Bread_Roti_RotiKasur4'SChocoBanana,12.0,6.0,9.0,0.18,7.0,6.0,0.0,12.60341359216483,4.629286375354012,7.974127216810818,C
SharonSteamed_CheeseCake_Banana_80G,240.0,3.0,18.0,0.14,6.0,,0.0,13.687807097057835,3.888888888888889,9.798918208168946,C
SharonSteamed_CheeseCake_Chocolate_80G,250.0,3.5,18.0,0.115,6.0,,0.0,12.95399722718357,3.888888888888889,9.065108338294682,C
SoGood_FrozenFood_CrispyChickenNugget_400g,210.0,4.0,0.0,0.21,9.0,0.0,0.0,9.72176308539945,4.271929824561403,5.449833260838047,C
SoGood_FrozenFood_CrispyBbqChickenWing_400G,200.0,2.5,0.0,0.61,16.0,0.0,0.0,9.229340930905995,3.1215277777777772,6.107813153128218,C
SoGood_FrozenFood_ChickenNuggetAnimalPizza_200g,120.0,3.5,0.0,0.27,6.0,0.0,0.0,7.06971352228863,3.888888888888889,3.1808246333997414,C
SoGood_FrozenFood_ChickenNuggetAnimalPizza_400g,120.0,3.5,0.0,0.27,0.0,0.0,0.0,7.06971352228863,1.0,6.06971352228863,C
SoGood_FrozenFood_SpicyChickenStrip_250G,210.0,5.0,0.0,0.5,12.0,0.0,0.0,11.492825220356758,4.416666666666666,7.076158553690092,C
SoGood_FrozenFood_ChickenNuggetAlphabet_200G,120.0,3.0,0.0,0.28,6.0,0.0,0.0,7.06971352228863,3.888888888888889,3.1808246333997414,C
SoGood_FrozenFood_ChickenNuggetDinoBitesOriginal_400G,120.0,3.0,0.0,0.26,6.0,0.0,0.0,7.213623689159618,3.888888888888889,3.3247348002707295,C
SoGood_FrozenFood_ChickenNuggetOriginal_400G,110.0,3.0,0.0,0.26,6.0,0.0,0.0,7.105896647236397,3.888888888888889,3.2170077583475085,C
SoGood_FrozenFood_ChickenStickPremium_400G,110.0,3.5,0.0,0.26,6.0,0.0,0.0,6.57619979487351,3.888888888888889,2.687310905984621,C
SoGood_FrozenFood_ChickenNuggetAlphabet_400G,110.0,3.0,0.0,0.3,4.0,0.0,0.0,6.961517437873774,2.2,4.761517437873774,C
SoGood_FrozenFood_ChickenSpicyWing_400G,200.0,3.0,4.0,0.44,22.0,0.0,0.0,9.671794477011867,1.8055381400208832,7.8662563369909835,C
SoGood_FrozenFood_ChickenStickOriginal_200G,130.0,0.02,0.0,0.26,4.0,0.0,0.0,3.8107021865214667,2.2,1.6107021865214666,B
SoGood_FrozenFood_PremiumSausageOriginal_300G,120.0,0.0025,0.0,0.6,10.0,0.0,0.0,9.077106457301557,7.594982078853047,1.4821243784485105,B
Fiesta,,0.5,,,,,,1.5555555555555556,,,E
Hanzel_FrozenFood_SosisCheeseCocktail_360G,150.0,5.0,0.0,0.71,13.0,0.0,0.0,13.250147367511742,3.7222222222222223,9.527925145289519,C
Hanzel_FrozenFood_SosisBratwurst5'SBlackpepper_360G,270.0,7.0,0.0,1.15,19.0,0.0,0.0,17.22402133917585,1.8055381400208832,15.418483199154966,D
Hanzel_FrozenFood_SosisBratwurst5'SMozzarellaCheese_360G,230.0,8.0,0.0,1.1,20.0,0.0,0.0,19.764443368392815,1.8055381400208832,17.958905228371933,D
Hanzel_FrozenFood_SosisBratwurst5'SOriginal_360G,260.0,6.0,0.0,1.15,21.0,0.0,0.0,15.737814353135956,1.8055381400208832,13.932276213115074,D
GoldenFarm_FrozenFood_MixedVegetable_500G,70.0,0.0,4.0,0.06,3.0,0.0,0.0,3.3549168020692997,2.4989583333333334,0.8559584687359663,B
GoldenFarm_FrozenFood_EdamameSalted_450G,80.0,1.0,1.0,0.002,5.0,0.0,0.0,3.3711037528939953,4.230854360336433,-0.8597506074424373,A
GoldenFarm_FrozenFood_EdamameOriginal_450G,110.0,1.0,1.0,0.002,7.0,0.0,0.0,3.3711037528939953,2.046225614927905,1.3248781379660906,B
GoldenFarm_FrozenFood_GreenPeas_500G,90.0,0.0,3.0,0.065,7.0,0.0,0.0,3.3629585108554747,2.046225614927905,1.31673289592757,B
GoldenFarm_FrozenFood_CornKernel_500G,70.0,0.0,4.0,0.065,3.0,0.0,0.0,3.3549168020692997,2.4989583333333334,0.8559584687359663,B
GoldenFarm_FrozenFood_FrenchFriesCoated_500G,180.0,1.0,0.0,0.006,4.0,0.0,0.0,5.3061760666103455,2.2,3.1061760666103453,C
GoldenFarm_FrozenFood_FrenchFriesCoated_1000G,180.0,1.0,0.0,0.006,4.0,0.0,0.0,5.3061760666103455,2.2,3.1061760666103453,C
GoldenFarm_FrozenFood_FrenchFriesCrinkleCut_500G,130.0,0.0,0.0,0.0015,3.0,0.0,0.0,3.0151311063369715,2.4989583333333334,0.5161727730036381,B
GoldenFarm_FrozenFood_FrenchFriesCrinkleCut_1000G,130.0,0.0,0.0,0.0015,3.0,0.0,0.0,3.0151311063369715,2.4989583333333334,0.5161727730036381,B
GoldenFarm_FrozenFood_FrenchFriesStraightCut_500G,130.0,0.0,0.0,0.0025,2.0,0.0,0.0,3.0151311063369715,1.0,2.0151311063369715,C
GoldenFarm_FrozenFood_FrenchFriesStraightCut_1000G,130.0,0.0,0.0,0.0025,2.0,0.0,0.0,3.0151311063369715,1.0,2.0151311063369715,C
GoldenFarm_FrozenFood_FrenchFriesShoestring_500G,130.0,0.0,0.0,0.002,2.0,0.0,0.0,3.0151311063369715,1.0,2.0151311063369715,C
GoldenFarm_FrozenFood_FrenchFriesShoestring_1000G,130.0,0.0,0.0,0.002,2.0,0.0,0.0,3.0151311063369715,1.0,2.0151311063369715,C
JustFry,,,,,,,,,,,E
Cedea_FrozenFood_PremiumSalmonSausage_390G,100.0,,,,,,,5.049624439941782,,,E
Cedea_FrozenFood_PremiumSalmonSausageCheese_390G,100.0,,,0.19,,0.0,0.0,7.079833979142517,1.0,6.079833979142517,C
Cedea_FrozenFood_FishRoll_200G,40.0,0.0,0.0,0.24,2.0,0.0,0.0,4.584699453551912,1.0,3.584699453551912,C
Cedea_FrozenFood_SalmonBall_200G,40.0,0.0,0.0,0.13,1.0,0.0,0.0,3.234027777777777,1.0,2.234027777777777,C
Cedea_FrozenFood_FishRollOriginal_1000G,40.0,0.0,0.0,0.21,3.0,0.0,0.0,5.412280701754387,2.4989583333333334,2.9133223684210536,C
Cedea_FrozenFood_CrabFlavourNugget_200G,15.0,0.0,0.0,0.1,1.0,0.0,0.0,3.364430589231421,1.0,2.364430589231421,C
Cedea_FrozenFood_FishDumplingChicken_200G,35.0,0.0,0.0,0.135,2.0,0.0,0.0,3.183060109289617,1.0,2.183060109289617,C
Cedea_FrozenFood_FishDumplingChicken_500G,35.0,0.0,0.0,0.135,2.0,0.0,0.0,3.183060109289617,1.0,2.183060109289617,C
Cedea_FrozenFood_FishDumplingCheese_500G,30.0,0.5,1.0,0.19,2.0,0.0,0.0,5.783927162995234,1.0,4.783927162995234,C
Cedea_FrozenFood_SteamboatSet_500G,30.0,0.0,0.0,0.27,2.0,0.0,0.0,7.814814814814813,1.0,6.814814814814813,C
Cedea_FrozenFood_FarmAnimals_500G,10.0,0.0,1.0,0.065,1.0,0.0,0.0,1.3333333333333333,1.0,0.33333333333333326,B
Cedea_FrozenFood_OrientalCartoon_500G,10.0,0.0,1.0,0.065,1.0,0.0,0.0,1.3333333333333333,1.0,0.33333333333333326,B
Cedea_FrozenFood_Chikuwa_250G,15.0,0.0,0.0,0.11,1.0,0.0,0.0,3.344767762794732,1.0,2.344767762794732,C
Cedea_FrozenFood_Chikuwa_1000G,15.0,0.0,0.0,0.11,1.0,0.0,0.0,3.344767762794732,1.0,2.344767762794732,C
Cedea_FrozenFood_CrabStick_250G,15.0,0.0,1.0,0.115,1.0,0.0,0.0,3.32774466718841,1.0,2.32774466718841,C
Cedea_FrozenFood_CrabStick_1000G,15.0,0.0,1.0,0.115,1.0,0.0,0.0,3.32774466718841,1.0,2.32774466718841,C
Cedea_FrozenFood_SteamboatSet_300G,30.0,0.0,0.0,0.27,2.0,0.0,0.0,7.814814814814813,1.0,6.814814814814813,C
Cedea_FrozenFood_KoreanOdengOriginal_480G,80.0,1.5,3.0,0.32,4.0,0.0,0.0,7.947854257750811,2.2,5.747854257750811,C
Cedea_FrozenFood_KoreanOdengSpicy_480G,90.0,0.5,2.0,0.65,6.0,0.0,0.0,13.227905199595991,3.888888888888889,9.339016310707102,C
Garuda_Snack_KentangPanggangRostaBbq_60g,100.0,2.5,,,1.0,0.0,0.0,6.869518320679916,1.0,5.869518320679916,C
Garuda_Biscuit_SkippyWaferConesPeanutButter_45G,80.0,,4.0,0.09,,7.0,0.0,4.996216116659675,6.234278266536331,-1.2380621498766562,A
Garuda_Snack_PilusRendang_96G,,,,,,,,,,,E
Garuda_Snack_O'cornJagungBakar_84G,,2.0,1.0,0.095,1.0,0.0,0.0,5.510918738305576,1.0,4.510918738305576,C
Garuda_Snack_KacangPanggangRostaJagungBakar_95G,,,,,,,,,,,E
Garuda_Snack_KacangPanggangRostaWagyu_95G,,,,,,,,,,,E
Garuda_Snack_PilusMiGoreng_96G,100.0,0.0,1.0,0.22,0.0,0.0,0.0,5.157431182138456,1.0,4.157431182138456,C
Garuda_Snack_KacangPanggangRostaPedas_95G,130.0,0.0,5.0,0.115,5.0,2.0,0.0,3.32774466718841,4.230854360336433,-0.9031096931480227,A
Garuda_Snack_KacangPanggangRostaBawang_95G,130.0,1.5,3.0,0.14,4.0,1.0,0.0,4.567318132464712,2.2,2.367318132464712,C
Garuda_Snack_KacangTelur_100G,140.0,3.0,7.0,0.095,1.0,2.0,0.0,9.007744288454253,1.0,8.007744288454253,C
Garuda_Snack_KacangAtom_100G,,,,,,,,,,,E
Garuda_Snack_KacangAtomPedas_100G,130.0,1.5,3.0,0.135,3.0,0.0,0.0,4.567318132464712,2.4989583333333334,2.068359799131379,C
Garuda_Snack_KacangAtomPedas_220G,130.0,1.5,3.0,0.135,3.0,0.0,0.0,4.567318132464712,2.4989583333333334,2.068359799131379,C
Garuda_Snack_KacangGaring_60G,150.0,0.0,1.0,0.085,7.0,4.0,0.0,2.2369524680327904,2.248237205761426,-0.011284737728635807,A
Garuda_Snack_KacangGaring_200G,150.0,0.0,1.0,0.07,7.0,4.0,0.0,2.2369524680327904,2.248237205761426,-0.011284737728635807,A
Garuda_Snack_KacangGaring_375G,150.0,0.0,1.0,0.07,7.0,4.0,0.0,2.2369524680327904,2.248237205761426,-0.011284737728635807,A
MisterPotato_Snack_CrispsRendang_35G,100.0,2.5,5.0,0.11,1.0,0.0,0.0,6.850606823437917,1.0,5.850606823437917,C
MisterPotato_Snack_CrispsOriginal_35G,100.0,2.5,0.0,0.075,1.0,0.0,0.0,5.078898037006561,1.0,4.078898037006561,C
MisterPotato_Snack_CrispsGhostPepperCheese_40G,100.0,2.5,0.0,0.115,2.0,0.0,0.0,5.078898037006561,1.0,4.078898037006561,C
MisterPotato_Snack_CrispsGhostPepperSeaweed_40G,100.0,2.5,1.0,0.14,2.0,0.0,0.0,5.215097801765101,1.0,4.215097801765101,C
MisterPotato_Snack_CrispsHoneyCheese_85g,100.0,0.0,1.0,0.13,1.0,0.0,0.0,3.337274824969469,1.0,2.337274824969469,C
MisterPotato_Snack_CrispsGhostPepper_40G,100.0,2.5,1.0,0.19,1.0,0.0,0.0,5.52936378543659,1.0,4.52936378543659,C
MisterPotato_Snack_CrispsOriginal_85G,100.0,2.5,0.0,0.075,1.0,0.0,0.0,5.078898037006561,1.0,4.078898037006561,C
MisterPotato_Snack_CrispsBarbeque_85G,110.0,2.5,1.0,0.11,1.0,0.0,0.0,5.209616649421712,1.0,4.209616649421712,C
Japota_Sncak_PotatoChipsUmamiJapanese Seaweed 120g,140.0,4.5,1.0,0.14,2.0,0.0,0.0,8.11974370658677,1.0,7.119743706586769,C
Japota_Sncak_PotatoChipsBeefBbq_68G,160.0,4.5,1.0,0.17,2.0,2.0,0.0,9.058343048865064,1.0,8.058343048865064,C
Japota_Sncak_PotatoChipsSambalBawang_68G,150.0,4.0,1.0,0.125,1.0,2.0,0.0,8.713274347519754,1.0,7.713274347519754,C
Japota_Sncak_PotatoChipsHappyHoneyButter_68G,130.0,0.0,1.0,0.075,1.0,2.0,0.0,3.0151311063369715,1.0,2.0151311063369715,C
Japota_Sncak_PotatoChipsUmamiJapaneseSeaweed_68G,150.0,0.0,1.0,0.15,1.0,2.0,0.0,2.9327731092436964,1.0,1.9327731092436964,B
Mr.Hottest_Snack_TortillaChipsMaitosSambalBalado_140G,140.0,2.0,,,,,,7.87623804104279,,,E
Mr.Hottest_Snack_TortillaChipsMaitosJagungBarbeque_140G,50.0,1.0,0.0,0.06,1.0,1.0,0.0,3.370370370370371,1.0,2.370370370370371,C
Potabee_Snack_PotatoChipsSpicyBbq_68G,160.0,4.0,2.0,0.18,2.0,2.0,0.0,10.635703424977045,1.0,9.635703424977045,C
Potabee_Snack_PotatoChipsGrilledSeaweed_120G,160.0,4.5,1.0,0.15,2.0,2.0,0.0,8.578803590513576,1.0,7.578803590513576,C
Potabee_Snack_PotatoChipsBeefBbq_120G,170.0,4.0,1.0,0.16,2.0,2.0,0.0,9.422481859621154,1.0,8.422481859621154,C
Potabee_Snack_PotatoChipsWagyuBeefSteak_68G,170.0,9.0,1.0,0.38,2.0,2.0,0.0,17.215260210229474,1.0,16.215260210229474,D
Potabee_Snack_PotatoChipsAyamBakar_68G,170.0,0.0,1.0,0.25,2.0,2.0,0.0,5.5710635252503575,1.0,4.5710635252503575,C
Potabee_Snack_PotatoChipsMeltedCheeseSteak_57G,200.0,0.0,2.0,0.17,2.0,5.0,0.0,5.154239713236818,2.80867952952083,2.3455601837159876,C
Potabee_Snack_PotatoChipsSeaweed_68G,160.0,0.0,2.0,0.15,2.0,3.0,0.0,5.040800646261676,2.523809523809524,2.516991122452152,C
Potabee_Snack_PotatoChipsBbq_68G,160.0,0.0,1.0,0.19,2.0,3.0,0.0,5.575045235036322,2.523809523809524,3.051235711226798,C
Chitato_Snack_PotatoChipsMiGoreng_68G,100.0,2.5,0.0,0.08,1.0,0.0,0.0,5.078898037006561,1.0,4.078898037006561,C
ChitatoLite_Snack_PotatoSourcreamOnion_55G,110.0,6.0,1.0,0.75,1.0,0.0,0.0,17.268270071233964,1.0,16.268270071233964,D
ChitatoLite_Snack_PotatoNoriSeawed_68G,110.0,3.0,1.0,0.85,1.0,0.0,0.0,14.271361749079862,1.0,13.271361749079862,D
ChitatoLite_Snack_PotatoNoriSeaweed_120G,110.0,3.0,1.0,0.85,1.0,0.0,0.0,14.271361749079862,1.0,13.271361749079862,D
ChitatoLite_Snack_PotatoSalmonTeriyaki_68G,110.0,5.0,1.0,0.055,1.0,0.0,0.0,10.248264347846128,1.0,9.248264347846128,C
ChitatoLite_Snack_PotatoBeefBarbeque_68G,110.0,4.5,1.0,0.11,1.0,0.0,0.0,7.712304137277852,1.0,6.712304137277852,C
Chitato_Snack_PotatoChipsAyamBumbu_68G,110.0,2.5,1.0,0.075,2.0,0.0,0.0,5.244985487036735,1.0,4.244985487036735,C
Chitato_Snack_PotatoChipsSapiPanggang_168G,110.0,3.0,0.0,0.115,2.0,0.0,0.0,6.89822515919132,1.0,5.89822515919132,C
Chitato_Snack_PotatoChipsAsli_68G,100.0,2.5,0.0,0.06,1.0,0.0,0.0,5.078898037006561,1.0,4.078898037006561,C
Chitato_Snack_PotatoChipsSapiPanggang_120G,110.0,3.0,0.0,0.115,2.0,0.0,0.0,6.89822515919132,1.0,5.89822515919132,C
Chitato_Snack_PotatoChipsSapiBumbuBakar_68G,80.0,,0.0,0.07,1.0,0.0,0.0,3.326943078004226,1.0,2.326943078004226,C
Chitato_Snack_PotatoChipsSapiPanggang_35G,110.0,3.0,0.0,0.115,2.0,0.0,0.0,6.89822515919132,1.0,5.89822515919132,C
Chitato_Snack_PotatoChipsAyamBarbeque_68G,110.0,2.5,1.0,0.09,1.0,0.0,0.0,5.182445354766657,1.0,4.182445354766657,C
Chitato_Snack_PotatoChipsSapiPanggang_68G,110.0,3.0,0.0,0.115,2.0,0.0,0.0,6.89822515919132,1.0,5.89822515919132,C
Chitato_Snack_PotatoChipsCheeseSupreme_68G,80.0,1.5,0.0,0.13,1.0,0.0,,3.326943078004226,1.0,2.326943078004226,C
Chitato_Snack_PotatoChipsAyamBumbu_68G,110.0,2.5,1.0,0.075,2.0,0.0,0.0,5.244985487036735,1.0,4.244985487036735,C
ChitatoLite_Snack_PotatoAyamBawang_68G,100.0,4.5,1.0,0.105,1.0,0.0,0.0,7.6773475813884104,1.0,6.6773475813884104,C
ChitatoLite_Snack_PotatoAburiSeaweed_65G,110.0,2.5,1.0,0.065,1.0,0.0,0.0,5.244985487036735,1.0,4.244985487036735,C
BonCabe_Snack_MakaroniLevel15_135G,90.0,2.0,1.0,0.22,2.0,2.0,0.0,5.519546754957358,1.0,4.519546754957358,C
BonCabe_Snack_MakaroniLevel10_135G,90.0,1.5,1.0,0.21,2.0,2.0,0.0,5.385288920446997,1.0,4.385288920446997,C
BonCabe_Snack_MakaroniLevel2NachoCheese_135G,90.0,1.0,1.0,0.22,2.0,1.0,0.0,5.2585369666713495,1.0,4.2585369666713495,C
Smax_Snack_BallsCoklat_40G,60.0,1.5,2.0,0.015,1.0,0.0,0.0,3.226843294310947,1.0,2.226843294310947,C
Smax_Snack_CheeseRingGhostPepper_40G,80.0,2.0,3.0,0.27,1.0,1.0,0.0,8.752435763296122,1.0,7.752435763296122,C
Smax_Snack_BallsKeju_40G,50.0,0.0,1.0,0.07,1.0,0.0,0.0,1.3333333333333333,1.0,0.33333333333333326,B
Smax_Snack_RingRasaKeju_20G,110.0,2.5,2.0,0.14,1.0,0.0,0.0,5.675162427153228,1.0,4.675162427153228,C
Smax_Snack_RingRasaKeju_40G,70.0,2.5,1.0,0.095,0.0,0.0,0.0,5.185604623156937,1.0,4.185604623156937,C
Pringles_Snack_PotatoCrispsTexasBbq_42G,,,,,,,,,,,E
Pringles_Snack_PotatoCrispsCheesyCheese_42G,,,,,,,,,,,E
Pringles_Snack_PotatoCrispsSaucyBbq_107G,,,,,,,,,,,E
Pringles_Snack_PotatoCrispsHot&Spicy_107G,,,,,,,,,,,E
Pringles_Snack_PotatoCrispsSalt&Seaweed_107G,130.0,3.5,0.0,0.25,1.0,0.0,0.0,6.9541341927951805,1.0,5.9541341927951805,C
Pringles_Snack_PotatoCrispsSourcream&Onion_107G,130.0,3.0,0.0,0.14,1.0,0.0,0.0,7.129430106628802,1.0,6.129430106628802,C
Pringles_Snack_PotatoCrispsOriginal_42G,130.0,3.0,0.0,0.125,1.0,0.0,0.0,6.972955876406985,1.0,5.972955876406985,C
Pringles_Snack_PotatoCrispsSourcream&Onion_42G,130.0,3.0,0.0,0.14,1.0,0.0,0.0,7.129430106628802,1.0,6.129430106628802,C
Pringles_Snack_PotatoCrispsCheesyCheese_107G,130.0,3.5,0.0,0.055,1.0,0.0,0.0,6.5898020347216235,1.0,5.5898020347216235,C
Pringles_Snack_PotatoCrispsOriginal_107G,130.0,3.0,0.0,0.125,1.0,0.0,0.0,6.972955876406985,1.0,5.972955876406985,C
Piattos_Snack_KentangRasaBarbeque 20G,110.0,3.5,1.0,0.12,1.0,1.0,0.0,6.533645975301333,1.0,5.533645975301333,C
Piattos_Snack_KentangRasaSapiPanggang_20G,100.0,2.0,0.0,0.17,1.0,1.0,0.0,5.414901827753496,1.0,4.414901827753496,C
Piattos_Snack_KentangSambalGeprek_35G,110.0,2.5,1.0,0.11,1.0,0.0,0.0,5.209616649421712,1.0,4.209616649421712,C
Piattos_Snack_KentangWorldSeriesKimchi_75G,100.0,2.5,1.0,0.12,1.0,1.0,0.0,5.215097801765101,1.0,4.215097801765101,C
Piattos_Snack_KentangWorldSeriesSpicyCarbonara_75G,100.0,2.5,1.0,0.21,1.0,1.0,0.0,5.4100165302923084,1.0,4.4100165302923084,C
Piattos_Snack_KentangDendengBalado_78G,110.0,2.5,0.0,0.19,1.0,0.0,0.0,5.430094903007638,1.0,4.430094903007638,C
Piattos_Snack_KentangIgaPenyet_75G,110.0,3.0,0.0,0.15,1.0,1.0,0.0,6.961517437873774,1.0,5.961517437873774,C
Piattos_Snack_KentangBaksoBakar_75G,100.0,2.0,1.0,0.125,1.0,1.0,0.0,5.545755168212753,1.0,4.545755168212753,C
Piattos_Snack_KentangSambalTerasi_75G,110.0,2.5,1.0,0.15,1.0,0.0,0.0,5.244985487036735,1.0,4.244985487036735,C
Piattos_Snack_KentangXJawaraSambalBawang_70G,80.0,2.0,1.0,0.12,0.0,0.0,0.0,5.554113166626218,1.0,4.554113166626218,C
Piattos_Snack_KentangAyamGorengSpesial_70G,100.0,2.0,1.0,0.16,1.0,1.0,0.0,5.545755168212753,1.0,4.545755168212753,C
Piattos_Snack_PremiumSambalGeprekWithBarbequeSauce_70G,100.0,2.0,3.0,0.16,1.0,1.0,0.0,6.68752337668778,1.0,5.68752337668778,C
Piattos_Snack_PremiumBarbequeWithBlackpaperSauce_70G,90.0,2.0,2.0,0.14,1.0,1.0,0.0,5.901685568079228,1.0,4.901685568079228,C
Piattos_Snack_KentangSapiPanggang_120G,100.0,2.0,0.0,0.17,1.0,1.0,0.0,5.414901827753496,1.0,4.414901827753496,C
Piattos_Snack_KentangRumputLaut_35G,120.0,2.5,1.0,0.16,1.0,0.0,0.0,5.27960537391836,1.0,4.27960537391836,C
Piattos_Snack_KentangRumputLaut_68G,110.0,2.0,1.0,0.14,1.0,1.0,0.0,5.583249228619654,1.0,4.583249228619654,C
Piattos_Snack_KentangSambalMatah_68G,100.0,2.5,1.0,0.14,1.0,1.0,0.0,5.215097801765101,1.0,4.215097801765101,C
Piattos_Snack_KentangSambalGeprek_68G,100.0,2.0,1.0,0.1,1.0,2.0,0.0,5.517578398909531,1.0,4.517578398909531,C
Piattos_Snack_KentangBarbeque_68G,110.0,3.5,1.0,0.12,1.0,1.0,0.0,6.533645975301333,1.0,5.533645975301333,C
Piattos_Snack_KentangAyamTeriyaki_80G,110.0,2.5,1.0,0.1,1.0,1.0,0.0,5.191409279046842,1.0,4.191409279046842,C
Piattos_Snack_KentangSapiPanggang_68G,100.0,2.0,0.0,0.17,1.0,1.0,0.0,5.414901827753496,1.0,4.414901827753496,C
Oishi_Snack_TaterThinsPotatoSnackHotAndSpicy_100G,,,,,,,,,,,E
Oishi_Snack_TaterThinsPotatoSnackTruffle_100G,,,,,,,,,,,E
Flutes_Snack_PotatoSnackSaosSambal_60g,,,,,,,,,,,E
Oishi_Snack_PopcornMentegaBelgiadenganKeju_100G,90.0,1.5,8.0,0.14,1.0,2.0,0.0,6.9127495110133275,1.0,5.9127495110133275,C
Rin-Bee_Snack_StickKeju_60g,100.0,1.5,1.0,0.22,2.0,2.0,0.0,5.292773283380653,1.0,4.292773283380653,C
Oishi_Snack_PanchosKeripikJagungSapiPanggang_160G,110.0,2.5,1.0,0.09,1.0,2.0,0.0,5.182445354766657,1.0,4.182445354766657,C
Oishi_Snack_PanchosKeripikJagungGhostPepper_145G,100.0,2.5,1.0,0.075,1.0,1.0,0.0,5.215097801765101,1.0,4.215097801765101,C
Oishi_Snack_PanchosKeripikJagungPedas_160G,100.0,2.5,1.0,0.095,1.0,2.0,0.0,5.185604623156937,1.0,4.185604623156937,C
PoppyPop_Snack_JagungBakar_65g,,1.5,,,,,,5.166666666666667,,,E
Oishi_Snack_PopcornKaramel_100G,90.0,1.5,10.0,0.1,1.0,1.0,0.0,9.030365769496203,1.0,8.030365769496203,C
Oishi_Snack_PopcornCoklat_100G,90.0,1.5,9.0,0.1,1.0,1.0,0.0,6.475233633275647,1.0,5.475233633275647,C
SukySuky_Snack_UdangManisPedas_60g,180.0,3.5,,0.214,2.0,1.0,0.0,10.868894733794763,1.0,9.868894733794763,C
Oishi_Snack_PillowsUbi_100G,70.0,1.0,4.0,0.035,1.0,0.0,0.0,3.5758714596949894,1.0,2.5758714596949894,C
Oishi_Snack_SpongeCrunchStrawberry_100G,110.0,6.0,4.0,0.03,1.0,1.0,0.0,11.555065428856864,1.0,10.555065428856864,D
Kraker_Snack_UdangPedas_60g,140.0,2.0,2.0,0.39,2.0,1.0,0.0,9.681214616132557,1.0,8.681214616132557,C
Oishi_Snack_PillowsChocolate_100G,70.0,1.0,4.0,0.03,1.0,1.0,0.0,3.5223665223665233,1.0,2.5223665223665233,C
Oishi_Snack_SpongeCrunchChocolate_110G,100.0,5.0,5.0,0.025,1.0,0.0,0.0,10.036563441897483,1.0,9.036563441897483,C
Oishi_Snack_SpongeCrunchMocha_110G,60.0,3.5,3.0,0.015,1.0,0.0,0.0,7.158585858585859,1.0,6.158585858585859,C
Rin-Bee_Snack_StickKeju_65g,100.0,1.5,1.0,0.22,2.0,1.0,0.0,5.292773283380653,1.0,4.292773283380653,C
Taro_Snack_Net3DTornadoCheese_32G,100.0,2.0,0.0,0.01,1.0,1.0,0.0,5.414901827753496,1.0,4.414901827753496,C
Taro_Snack_NetPotatoBarbeque_120G,90.0,1.5,1.0,0.2,1.0,1.0,0.0,5.460461614405124,1.0,4.460461614405124,C
Taro_Snack_NetPotatoBarbeque_32G,90.0,1.5,1.0,0.28,1.0,1.0,0.0,6.972580257171433,1.0,5.972580257171433,C
Taro_Snack_NetPotatoBarbeque_62G,90.0,2.0,1.0,0.23,1.0,1.0,0.0,5.519546754957358,1.0,4.519546754957358,C
Taro_Snack_TempeTeriyakiBarbeque_55G,120.0,4.0,0.0,0.025,2.0,2.0,0.0,8.65304744688849,1.0,7.65304744688849,C
Taro_Snack_TempeHimalayanSalt_50G,90.0,2.5,0.0,0.07,2.0,2.0,0.0,5.06038782555439,1.0,4.06038782555439,C
Taro_Snack_TempeChickenOnion_50G,70.0,2.0,0.0,0.02,2.0,2.0,0.0,5.5925925925925934,1.0,4.5925925925925934,C
Taro_Snack_NetSeaweed_62G,90.0,1.5,1.0,0.28,1.0,1.0,0.0,6.972580257171433,1.0,5.972580257171433,C
Taro_Snack_PotatoBarbeque_36G,45.0,1.0,,0.1,1.0,,0.0,3.7984271332815682,1.0,2.7984271332815682,C
Taro_Snack_ItalianPizza_36G,90.0,1.5,1.0,0.24,1.0,1.0,0.0,4.86396402547519,1.0,3.86396402547519,C
Taro_Snack_NetCowboy_Steak_32G,90.0,1.5,1.0,0.21,1.0,2.0,0.0,5.385288920446997,1.0,4.385288920446997,C
Taro_Snack_NetSeaweed_32G,90.0,1.5,1.0,0.28,1.0,1.0,0.0,6.972580257171433,1.0,5.972580257171433,C
Kusuka_Snack_KeripikSingkongBerbeque_180G,100.0,0.0,1.0,0.045,0.0,1.0,0.0,3.337274824969469,1.0,2.337274824969469,C
Kusuka_Snack_KeripikSingkongAyamLadaHitam_180G,100.0,0.0,1.0,0.05,0.0,1.0,0.0,3.337274824969469,1.0,2.337274824969469,C
Kusuka_Snack_KeripikEmpingOriginal_50G,110.0,3.5,1.0,0.1,2.0,1.0,0.0,6.4329219088025,1.0,5.4329219088025,C
Kusuka_Snack_KeripikSingkongBalado_180G,100.0,0.0,1.0,0.055,2.0,0.0,0.0,3.337274824969469,1.0,2.337274824969469,C
Kusuka_Snack_KeripikSingkongOriginal_180G,100.0,0.0,1.0,0.07,0.0,0.0,0.0,3.337274824969469,1.0,2.337274824969469,C
Kusuka_Snack_KeripikSingkongKejuBakar_60G,100.0,2.5,1.0,0.07,0.0,1.0,0.0,5.215097801765101,1.0,4.215097801765101,C
Kusuka_Snack_KeripikSingkongBarbeque_60G,100.0,0.0,1.0,0.045,0.0,1.0,0.0,3.337274824969469,1.0,2.337274824969469,C
Kusuka_Snack_KeripikSingkongRumputLaut_60G,100.0,0.0,1.0,0.09,0.0,0.0,0.0,3.370370370370371,1.0,2.370370370370371,C
Kusuka_Snack_KeripikSingkongAyamLadaHitam_60G,100.0,0.0,1.0,0.05,0.0,1.0,0.0,3.337274824969469,1.0,2.337274824969469,C
Chiki_Snack_BallsWagyuBeefBbq_55G,50.0,1.0,1.0,0.07,1.0,0.0,0.0,3.489451278312205,1.0,2.489451278312205,C
Chiki_Snack_TwistFlamingHot_75G,60.0,1.5,1.0,0.025,1.0,0.0,0.0,3.301713968767333,1.0,2.301713968767333,C
Chiki_Snack_BallsButterCookies_55G,50.0,1.5,1.0,0.015,1.0,0.0,0.0,3.226843294310947,1.0,2.226843294310947,C
Chiki_Snack_TwistRoastedCorn_75G,60.0,1.5,0.0,0.05,1.0,0.0,0.0,3.183060109289617,1.0,2.183060109289617,C
Chiki_Snack_PuffsCheddarCheese_60G,50.0,1.0,1.0,0.05,1.0,0.0,0.0,3.489451278312205,1.0,2.489451278312205,C
Chiki_Snack_BallsChocolat_55G,50.0,1.0,2.0,0.005,1.0,0.0,0.0,3.37489824989825,1.0,2.37489824989825,C
Chiki_Snack_BallsChicken_200G,50.0,1.0,0.0,0.055,1.0,0.0,0.0,3.370370370370371,1.0,2.370370370370371,C
Chiki_Snack_BallsCheese_200G,50.0,1.0,0.0,0.08,1.0,0.0,0.0,3.370370370370371,1.0,2.370370370370371,C
Chiki_Snack_BallsCuriousChoco_200G,50.0,1.0,2.0,0.005,1.0,0.0,0.0,3.37489824989825,1.0,2.37489824989825,C
Chiki_Snack_BallsCheese_55G,50.0,1.0,0.0,0.08,1.0,0.0,0.0,3.370370370370371,1.0,2.370370370370371,C
Chiki_Snack_BallsChicken_55G,50.0,2.5,0.0,0.055,1.0,0.0,0.0,5.123655913978495,1.0,4.123655913978495,C
Chuba_Snack_KeripikSingkongBalado_140G,100.0,2.5,1.0,0.17,0.0,2.0,0.0,5.215097801765101,1.0,4.215097801765101,C
DuaKelinci_Snack_UsagiPuffWheatCaramel_8X10G,,,,,,,,,,,E
DuaKelinci_Snack_TatoTatoFrenchFriesFlameBeef_60G,110.0,3.0,1.0,0.17,,0.0,0.0,7.138254268361811,1.0,6.138254268361811,C
DuaKelinci_Snack_TatoTatoFrenchFriesOriginal_65G,,,,,,,,,,,E
DuaKelinci_Snack_PilusTicTacMieGoreng_80G,100.0,2.0,0.0,0.22,0.0,0.0,0.0,5.414901827753496,1.0,4.414901827753496,C
DuaKelinci_Snack_RoniMakaroniRoastedCorn_140G,100.0,2.0,1.0,0.31,1.0,1.0,0.0,7.279673705641067,1.0,6.279673705641067,C
DuaKelinci_Snack_JagungPrestoBawang_Putih_70G,,,,,,,,,,,E
DuaKelinci_Snack_KacangSukroKribo_120G,120.0,2.5,1.0,0.28,3.0,3.0,0.0,7.681714726801211,2.523809523809524,5.157905202991687,C
DuaKelinci_Snack_KacangPolongPolongkuOriginal_70G,120.0,2.5,1.0,0.21,3.0,3.0,0.0,5.487120971716636,2.523809523809524,2.963311447907112,C
DuaKelinci_Snack_KacangPolongPolongmasAyamBawang_70G,,,,,,,,,,,E
DuaKelinci_Snack_KacangPolongPolongmasBarbeque_70G,120.0,2.0,1.0,0.18,5.0,3.0,0.0,5.629857612996294,4.021080090242528,1.6087775227537664,B
DuaKelinci_Snack_JagungPrestoPedasManis_70G,,,,,,,,,,,E
DuaKelinci_Snack_KacangSukroBersalutKedele_95G,130.0,3.0,1.0,0.23,4.0,4.0,0.0,7.828819879693314,2.2,5.628819879693314,C
DuaKelinci_Snack_KacangMixNut_150g,150.0,2.5,2.0,0.24,2.0,4.0,0.0,5.981786065150872,1.534959688629412,4.44682637652146,C
DuaKelinci_Snack_KacangLofetDaunJeruk_120G,140.0,3.0,2.0,0.125,8.0,2.0,0.0,7.701166607936955,5.730696798493408,1.9704698094435464,B
DuaKelinci_Snack_KacangSukroBbq_95G,120.0,1.5,2.0,0.19,2.0,2.0,0.0,6.049787278927612,1.0,5.049787278927612,C
DuaKelinci_Snack_KacangSukroOvenJagungBakar_100G,130.0,2.0,4.0,0.085,4.0,2.0,0.0,6.84782842665233,2.2,4.64782842665233,C
DuaKelinci_Snack_KacangSukroOvenBawang_100G,130.0,1.5,3.0,0.08,5.0,2.0,0.0,4.567318132464712,4.230854360336433,0.3364637721282797,B
DuaKelinci_Snack_CampurTicTacMix_80G,120.0,2.0,1.0,0.21,1.0,1.0,0.0,5.629857612996294,1.0,4.629857612996294,C
DuaKelinci_Snack_KacangSukro_95G,130.0,2.5,0.0,0.17,2.0,2.0,0.0,5.153738091349816,1.0,4.153738091349816,C
DuaKelinci_Snack_KacangGaring_370G,150.0,2.5,0.0,0.13,8.0,3.0,0.0,5.117917019978876,4.948538011695906,0.16937900828297003,B
DuaKelinci_Snack_PilusTicTacSapiPanggang_80G,100.0,2.0,0.0,0.21,0.0,1.0,0.0,5.414901827753496,1.0,4.414901827753496,C
DuaKelinci_Snack_KacangSangrai_180G,150.0,3.0,1.0,0.095,8.0,2.0,0.0,6.97884546581709,5.730696798493408,1.2481486673236821,B
DuaKelinci_Snack_KacangKulitBawangPutih_180G,150.0,8.0,,0.12,7.0,1.0,0.0,19.862745098039216,2.046225614927905,17.81651948311131,D
DuaKelinci_Snack_KacangGaring_180G,150.0,2.5,0.0,0.13,8.0,3.0,0.0,5.117917019978876,4.948538011695906,0.16937900828297003,B
DuaKelinci_Snack_FuzoKuaciMilk_140G,80.0,1.0,0.0,0.115,4.0,2.0,0.0,3.370370370370371,2.2,1.170370370370371,B
Gery_Snack_CrackersMalkistSaluutCoklatCoconut_105G,110.0,3.0,5.0,0.12,1.0,1.0,0.0,9.274509803921568,1.0,8.274509803921568,C
Gery_Snack_CrackersMalkistSaluutCoconut_105G,100.0,3.5,4.0,0.05,1.0,1.0,0.0,6.891752831579032,1.0,5.891752831579032,C
Gery_Snack_CrackersMalkistSaluutKeju_100G,80.0,1.0,,,,,,4.996216116659675,,,E
Gery_Snack_SnackSereal_100G,100.0,0.0,6.0,0.03,1.0,0.0,0.0,3.337274824969469,1.0,2.337274824969469,C
Gery_Snack_CrackersMalkistSaluutCoklat_100G,140.0,4.5,7.0,0.125,2.0,1.0,0.0,10.092030693653113,1.0,9.092030693653113,C
Happytos_Snack_TortillaChipsHotChili_140G,100.0,2.0,1.0,0.06,2.0,2.0,0.0,5.545755168212753,1.0,4.545755168212753,C
Happytos_Snack_TortillaChipsJagungBakar_140G,100.0,0.0,1.0,0.13,1.0,1.0,0.0,3.337274824969469,1.0,2.337274824969469,C
HappyPop_Snack_SnackSeaweed_52g,110.0,1.0,2.0,0.215,2.0,0.26,0.0,5.710642767953951,1.0,4.710642767953951,C
Happytos_Snack_TortillaChipsNachoCheese_140G,110.0,2.5,1.0,0.055,2.0,1.0,0.0,5.244985487036735,1.0,4.244985487036735,C
Happytos_Snack_TortillaChipsMerah_160G,130.0,2.5,1.0,0.1,2.0,1.0,0.0,5.191409279046842,1.0,4.191409279046842,C
Happytos_Snack_TortillaChipsHijau_160G,130.0,2.5,1.0,0.125,2.0,1.0,0.0,5.248965900889114,1.0,4.248965900889114,C
Happytos_Snack_TortillaChipsRoastedCorn_55G,140.0,2.5,1.0,0.18,3.0,1.0,0.0,5.743385293752325,2.4989583333333334,3.2444269604189913,C
Guribee_Snack_SnackKeju_65G,90.0,2.5,1.0,0.12,1.0,1.0,0.0,5.193105225027209,1.0,4.193105225027209,C
Guribee_Snack_SnackRumputLaut_65G,120.0,4.0,1.0,0.14,1.0,1.0,0.0,8.885714184751219,1.0,7.885714184751219,C
Guribee_Snack_SnackBbqBalado_65G,120.0,4.0,2.0,0.14,1.0,1.0,0.0,9.621350577763465,1.0,8.621350577763465,C
Jetz_Snack_MakaroniHabanero_100G,90.0,1.5,1.0,0.16,2.0,1.0,0.0,3.4832437686340367,1.0,2.4832437686340367,C
Jetz_Snack_StickGulaAren_65G,100.0,2.0,6.0,0.125,1.0,0.0,0.0,7.087979522616694,1.0,6.087979522616694,C
Jetz_Snack_StickChocofiesta_65G,100.0,2.5,6.0,0.09,1.0,0.0,0.0,6.775362318840581,1.0,5.775362318840581,C
Krisbee_Snack_FrenchFries_65G,40.0,0.0,2.0,0.09,0.0,1.0,0.0,3.370370370370371,1.0,2.370370370370371,C
Krisbee_Snack_PillowChocoLava_110G,80.0,0.0,4.0,0.015,1.0,1.0,0.0,3.3549168020692997,1.0,2.3549168020692997,C
Maxicorn_Snack_NachoCheese_150G,100.0,4.0,1.0,0.11,1.0,0.0,0.0,8.535029038334109,1.0,7.535029038334109,C
Maxicorn_Snack_Barbecue_55G,110.0,5.0,1.0,0.105,1.0,0.0,0.0,9.980274903562394,1.0,8.980274903562394,C
Maxicorn_Snack_Barbecue_150G,110.0,5.0,1.0,0.105,1.0,0.0,0.0,9.980274903562394,1.0,8.980274903562394,C
Maxicorn_Snack_RoastedCorn_55G,100.0,4.5,1.0,0.095,1.0,0.0,0.0,7.633292374001522,1.0,6.633292374001522,C
Maxicorn_Snack_RoastedCorn_150G,100.0,4.5,1.0,0.095,1.0,0.0,0.0,7.633292374001522,1.0,6.633292374001522,C
Nabati_Snack_SiipSnackBiteSizeJagungBakar_62g,60.0,1.5,1.0,0.07,1.0,0.0,0.0,3.315731248230471,1.0,2.315731248230471,C
Nabati_Snack_SiipSnackBiteSizeCokelatKeju_50g,50.0,1.0,3.0,0.045,0.0,0.0,0.0,3.7083333333333335,1.0,2.7083333333333335,C
Nabati_Snack_SiipSnackBiteSizeKeju_50g,50.0,1.5,1.0,0.07,1.0,0.0,0.0,3.315731248230471,1.0,2.315731248230471,C
Nabati_Snack_SiipSnackBiteSizeCokelat_62g,50.0,1.0,3.0,0.025,0.0,0.0,0.0,3.4769044612794624,1.0,2.4769044612794624,C
Nabati_Snack_SiipSnackBiteSizeChiken_62g,60.0,1.5,2.0,0.115,1.0,0.0,0.0,3.819363415450464,1.0,2.819363415450464,C
Nabati_Snack_SiipSnackBiteSizeKeju_62G,50.0,1.5,1.0,0.11,1.0,0.0,0.0,3.4671006892598926,1.0,2.4671006892598926,C
Qtela_Snack_KeripikSingkongRumputLaut_100G,100.0,2.0,1.0,0.105,0.0,0.0,0.0,5.5270637962163525,1.0,4.5270637962163525,C
Qtela_Snack_KeripikSingkongAyamLadaHitam_100g,110.0,2.5,1.0,0.1,0.0,0.0,0.0,5.191409279046842,1.0,4.191409279046842,C
Qtela_Snack_KeripikSingkongKeritingAyamGeprek_80G,100.0,2.0,1.0,0.1,0.0,0.0,0.0,5.517578398909531,1.0,4.517578398909531,C
Qtela_Snack_KeripikSingkongOriginal_180G,100.0,2.5,1.0,0.065,0.0,0.0,0.0,5.215097801765101,1.0,4.215097801765101,C
Qtela_Snack_KeripikTempeRumputLaut_55G,120.0,3.5,1.0,0.11,5.0,0.0,0.0,6.472789409579436,4.230854360336433,2.2419350492430032,C
Qtela_Snack_KeripikSingkongBalado_185G,110.0,2.5,1.0,0.06,0.0,0.0,0.0,5.244985487036735,1.0,4.244985487036735,C
Qtela_Snack_KeripikSingkongBarbeque_185G,110.0,2.5,1.0,0.05,0.0,0.0,0.0,5.244985487036735,1.0,4.244985487036735,C
Qtela_Snack_KeripikSingkongBarbeque_60G,110.0,2.5,1.0,0.05,0.0,0.0,0.0,5.244985487036735,1.0,4.244985487036735,C
Qtela_Snack_KeripikTempeCabeRawit_55G,110.0,3.0,0.0,125.0,5.0,0.0,0.0,9.263446233791301,4.230854360336433,5.0325918734548685,C
Qtela_Snack_KeripikSingkongBalado_60G,110.0,2.5,1.0,0.06,0.0,0.0,0.0,5.244985487036735,1.0,4.244985487036735,C
Qtela_Snack_KeripikTempeOriginal_55G,110.0,3.0,0.0,0.125,4.0,0.0,0.0,6.961517437873774,2.2,4.761517437873774,C
Qtela_Snack_KeripikSingkongOriginal_60G,100.0,2.5,1.0,0.065,0.0,0.0,0.0,5.215097801765101,1.0,4.215097801765101,C
Stt_Snack_FrenchFries2000Premium_138G,45.0,0.5,1.0,0.065,0.0,0.0,0.0,1.4224598930481285,1.0,0.4224598930481285,B
Stt_Snack_FrenchFries2000SaosLevel3_60G,45.0,,2.0,0.12,0.0,0.0,0.0,3.7594096093389373,1.0,2.7594096093389373,C
Stt_Snack_FrenchFries2000Premium_62G,130.0,,4.0,,1.0,1.0,0.0,5.026470588235295,1.0,4.026470588235295,C
Stt_Snack_FrenchFries2000Premium_24G,130.0,,4.0,,1.0,1.0,0.0,5.026470588235295,1.0,4.026470588235295,C
Twistko_Snack_JagungBakar_30G,160.0,,2.0,0.22,2.0,,0.0,6.170188461012381,1.0,5.170188461012381,C
Samyang_Mie_BuldakNoodleSnackHotChicken_90G,370.0,3.0,2.0,0.8,8.0,0.0,0.0,13.371317569839297,5.730696798493408,7.640620771345889,C
Macito_Snack_JagungBakar_70G,50.0,1.5,2.0,0.055,0.0,0.0,0.0,3.715043505793751,1.0,2.715043505793751,C
Macito_Snack_Chocolate_70G,50.0,1.0,2.0,0.25,0.0,0.0,0.0,4.922683570871361,1.0,3.922683570871361,C
Apollo_Bicuit_WaferCreamChocolate_12X12G,290.0,0.0,19.0,0.045,2.0,0.0,0.0,10.666236196751466,1.0,9.666236196751466,C
Kalpa_Bicuit_WaferShareItCokelatKelapa_22G,140.0,8.0,6.0,0.05,2.0,0.0,0.0,18.459714995207847,1.0,17.459714995207847,D
Kalpa_Bicuit_WaferShareItCokelatKelapa_90G,50.0,3.0,2.0,0.02,1.0,0.0,0.0,7.983533322944263,1.0,6.983533322944263,C
Roma_Biscuit_ArdenCookiesYoghurtStrawberry_80G,,,,,,,,,,,E
Roma_Biscuit_MarieGoldChocolate_132G,,,,,,,,,,,E
LadangLima_Biscuit_CookiesBlackmond_80g,,,,,,,,,,,E
Roma_Bicuit_BiscuitKelapaCreamCokelat_189G,,,,,,,,,,,E
Roma_Bicuit_BiscuitKelapaFresh_10X23g,,,,,,,,,,,E
Roma_Bicuit_WaferWafelloItaliaChocoBlast_117G,,,,,,,,,,,E
Roma_Bicuit_SandwichiCrackersLemon_114G,,,,,,,,,,,E
Roma_Bicuit_WaferWafelloItaliaButterCaramel_114G,,,,,,,,,,,E
Roma_Bicuit_BiscuitSusu+SelaiSlaiO'laiNanas_192G,,,,,,,,,,,E
Roma_Bicuit_CrackersMalkistKejuPanggang_110g,,,,,,,,,,,E
Roma_Bicuit_BiscuitSusu+SelaiSlaiO'laiBlueberry_192G,,,,,,,,,,,E
Roma_Bicuit_CrackersMalkistKelapaKopyor_125G,,,,,,,,,,,E
Roma_Bicuit_BiscuitSusu+SelaiSlaiO'laiStrawberry_192G,110.0,2.0,7.0,0.065,1.0,,,6.2885295339641925,1.1225490196078431,5.165980514356349,C
Roma_Bicuit_BiscuitKelapaCream_180G,,,,,,,,,,,E
Roma_Bicuit_CrackersMalkistCokelatKelapa_95G,,,,,,,,,,,E
Roma_Bicuit_BiscuitSandwichPeanutButter_189G,140.0,,6.0,0.07,2.0,,0.0,3.866441228862799,1.0,2.866441228862799,C
Roma_Bicuit_BiscuitSusu+SelaiSlaiO'laiBlueberry_128G,,,,,,,,,,,E
Roma_Bicuit_BiscuitSusu+SelaiSlaiO'laiStrawberry_128G,,,,,,,,,,,E
Roma_Bicuit_CrackersMalkistKejuManis_90G,110.0,3.0,3.0,0.105,1.0,,,8.530962225287269,1.1225490196078431,7.408413205679425,C
Roma_Bicuit_BiscuitSandwichChocolate_157G,140.0,2.0,4.0,0.06,2.0,,0.0,6.067310213047305,1.0,5.067310213047305,C
Roma_Bicuit_MarieGold_220G,90.0,2.5,4.0,0.06,2.0,,0.0,5.750938456734996,1.0,4.750938456734996,C
Roma_Bicuit_CrackersMalkistKelapaKopyor_200G,110.0,,3.0,0.105,2.0,0.0,0.0,4.561502545936161,1.0,3.561502545936161,C
Roma_Bicuit_CrackersMalkistBelgianStyleCokelat_90G,100.0,,2.0,0.198,7.0,0.0,0.0,5.893720158580292,2.046225614927905,3.8474945436523873,C
Roma_Bicuit_ArdenCookiesChocoSplendid_80G,160.0,,9.0,0.03,2.0,0.0,0.0,5.254330991201897,1.0,4.254330991201897,C
Roma_Bicuit_BiscuitSariGandumSandwichPeanutButter_115G,200.0,,8.0,0.13,5.0,0.0,,7.183364705544729,4.230854360336433,2.952510345208297,C
Roma_Bicuit_CrackersMalkist_10X14g,80.0,,,,,,,5.057141419662589,,,E
Roma_Bicuit_BiscuitSariGandum_149G,,,,,,,,,,,E
Roma_Bicuit_CrackersMalkistAbon_105G,90.0,,2.0,0.07,2.0,0.0,0.0,3.838329216010476,1.0,2.838329216010476,C
Roma_Bicuit_BiscuitSariGandumSandwichSusu&Cokelat_108G,140.0,,4.0,0.13,2.0,0.0,0.0,5.026470588235295,1.0,4.026470588235295,C
Roma_Bicuit_CrackersCream_107G,140.0,,2.0,0.204,3.0,0.3,0.0,6.177134624098806,2.4989583333333334,3.6781762907654727,C
Roma_Bicuit_BiscuitKelapa_300G,110.0,,2.0,0.075,2.0,0.0,0.0,3.7897976373338755,1.0,2.7897976373338755,C
Deka_Biscuit_MiniWaferBitesUbe_72G,150.0,3.5,12.0,0.05,1.0,2.0,0.0,7.891971358896521,1.0,6.891971358896521,C
Deka_Biscuit_MiniWaferBitesChocoChoco_72G,150.0,3.0,11.0,0.035,2.0,2.0,0.0,8.039192592418289,1.0,7.0391925924182885,C
Deka_Biscuit_MiniWaferBitesDurian_72G,150.0,3.5,10.0,0.045,2.0,2.0,0.0,8.350814160105923,1.0,7.350814160105923,C
KhongGuan_Biscuit_CrackersSaltcheeseSweet&Spicy_200g,90.0,,3.0,0.15,2.0,0.0,0.0,4.557781841294915,1.0,3.557781841294915,C
KhongGuan_Biscuit_CrackersSaltcheeseBarbeque_200G,80.0,,2.0,0.14,2.0,1.0,0.0,3.8188708147417643,1.0,2.8188708147417643,C
KhongGuan_Biscuit_CrackersPotatoz_150G,,,,,,,,,,,E
KhongGuan_Biscuit_Crackers+WaferSaltcheeseCombo_175G,90.0,,4.0,0.04,1.0,0.0,0.0,3.6331332909248206,1.0,2.6331332909248206,C
KhongGuan_Biscuit_CrackersMalkistKelapa_230G,90.0,,3.0,0.08,1.0,0.0,0.0,4.557781841294915,1.0,3.557781841294915,C
KhongGuan_Biscuit_CrackersCream_200G,,,,,,,,,,,E
KhongGuan_Biscuit_BiscuitRedAssorted_300G,120.0,2.5,7.0,0.1,2.0,0.0,0.0,7.014892624227676,1.0,6.014892624227676,C
KhongGuan_Biscuit_BiscuitRedSegiAssorted_1600G,,,,,,,,,,,E
KhongGuan_Biscuit_CrackersMalkistSuperco_138G,120.0,,5.0,0.09,2.0,0.0,0.0,5.000000000000001,1.0,4.000000000000001,C
KhongGuan_Biscuit_Crackers+WaferSaltcheeseCombo_10X17g,90.0,,4.0,0.04,1.0,0.0,0.0,3.6331332909248206,1.0,2.6331332909248206,C
KhongGuan_Biscuit_CrackersCream_300G,,11.0,20.0,,,,,25.53172768143866,,,E
KhongGuan_Biscuit_ChocolateWaferClassic_350G,140.0,3.0,11.0,0.15,1.0,1.0,0.0,10.238095238095237,1.0,9.238095238095237,C
KhongGuan_Biscuit_CrackersMalkistAbonSapi_135G,140.0,3.0,12.0,0.16,1.0,1.0,0.0,10.654610293241912,1.0,9.654610293241912,C
KhongGuan_Biscuit_CrackersSaltcheeseRegular_200G,140.0,3.0,11.0,0.19,1.0,1.0,0.0,9.991297955830623,1.0,8.991297955830623,C
Oreo_Biscuit_PokemonBiskuitSandwichCokelat&KrimPisang_119.6G,140.0,2.0,11.0,0.11,1.0,1.0,0.0,9.000181865884345,1.0,8.000181865884345,C
Oreo_Biscuit_PokemonBiskuitSandwichCokelat&KrimPisang_6 x 27.6G,140.0,3.0,9.0,0.055,1.0,1.0,0.0,8.626371242453699,1.0,7.626371242453699,C
Oreo_Biscuit_SoftCakeMultiPack_96G,140.0,,11.0,0.14,1.0,1.0,0.0,9.717445655034474,1.0,8.717445655034474,C
Oreo_Biscuit_BiskuitSandwichVanila_6x27.6G,140.0,,11.0,0.14,1.0,1.0,0.0,9.717445655034474,1.0,8.717445655034474,C
Oreo_Biscuit_SoftCakeMultiPack_48G,140.0,2.0,12.0,0.115,1.0,1.0,0.0,8.783547681029905,1.0,7.783547681029905,C
Oreo_Biscuit_DutchCocoaWaferVanila_117G,130.0,3.0,9.0,0.05,1.0,1.0,0.0,8.231623206764565,1.0,7.231623206764565,C
Oreo_Biscuit_BiskuitRedVelvet_119.6G,140.0,3.0,12.0,0.14,2.0,2.0,0.0,9.811030008110299,1.0,8.811030008110299,C
Oreo_Biscuit_MiniBiskuitKrimCokelat_61.3g,100.0,2.0,8.0,0.11,1.0,1.0,0.0,7.070323488045008,1.0,6.070323488045008,C
Oreo_Biscuit_MiniBiskuitKrimVanilla_61.3g,100.0,2.0,8.0,0.11,1.0,1.0,0.0,7.070323488045008,1.0,6.070323488045008,C
Lago_Biscuit_WaferVanilla_45G,240.0,8.0,14.0,0.07,2.0,0.0,0.0,20.927985813192674,1.0,19.927985813192674,E
Lago_Biscuit_WaferCacao_45g,230.0,9.0,17.0,0.07,3.0,0.0,0.0,23.803492756346596,2.4989583333333334,21.304534423013262,E
Lago_Biscuit_WaferHazelnut_45G,240.0,8.0,17.0,0.065,3.0,0.0,0.0,21.87146306747283,2.4989583333333334,19.372504734139497,E
Lago_Biscuit_WaferCacao_150G,260.0,10.0,19.0,0.075,3.0,0.0,0.0,16.73600626525153,2.4989583333333334,14.237047931918195,D
Lago_Biscuit_WaferHazelnut_150g,250.0,10.0,19.0,0.07,3.0,0.0,0.0,16.109569360196467,2.4989583333333334,13.610611026863133,D
Lago_Biscuit_WaferVanilla_150G,270.0,10.0,15.0,0.07,2.0,0.0,0.0,15.428480455611172,1.0,14.428480455611172,D
Loacker_Biscuit_WaferVanille_45g,,,,,,,,,,,E
Loacker_Biscuit_WaferCreamkakao_45g,,,,,,,,,,,E
Loacker_Biscuit_WaferNapolitaner_45G,,,,,,,,,,,E
Astor_Biscuit_WaferStickChocolate_150G,120.0,,10.0,0.05,2.0,0.0,0.0,7.755292385567105,1.0,6.755292385567105,C
Astor_Biscuit_WaferStickChocolate_40G,120.0,,12.0,0.05,2.0,0.0,0.0,7.1707963947615605,1.0,6.1707963947615605,C
Gery_Biscuit_CrackersMalkistSaluutCoklatCoconut_105G,,,,,,,,,,,E
Gery_Biscuit_KrakerBerasAsin_10X5.6G,,,,,,,,,,,E
Gery_Biscuit_CrackersMalkistSaluutCoconut_110G,110.0,3.0,4.0,0.065,2.0,1.0,0.0,7.897955617992624,1.0,6.897955617992624,C
Gery_Biscuit_CrackersMalkistSaluutKeju_100G,110.0,4.0,4.0,,2.0,1.0,0.0,11.107929287708052,1.0,10.107929287708052,D
Gery_Biscuit_SnackSereal_100G,130.0,,9.0,0.025,1.0,0.0,0.0,4.845495401620437,1.0,3.845495401620437,C
Gery_Biscuit_CrackersMalkistSaluutCoklat_100G,140.0,4.5,7.0,0.125,2.0,1.0,0.0,10.092030693653113,1.0,9.092030693653113,C
Cho-Cho_Biscuit_WaferSnackChocolateRiceCrispy_40G,280.0,8.0,20.0,0.136,2.0,1.0,0.0,20.54417319706655,1.0,19.54417319706655,E
Cho-Cho_Biscuit_WaferSnackChocolateStrawberry_35G,280.0,8.0,20.0,0.136,2.0,1.0,0.0,20.54417319706655,1.0,19.54417319706655,E
Serena_Biscuit_CheeseCookies_150G,100.0,,4.0,0.105,2.0,0.0,0.0,5.023809523809525,1.0,4.023809523809525,C
Julie's_Biscuit_SandwichChocoMore_110g,,,,,,,,,,,E
Kokola_Biscuit_SuperCreamStrawberry_180G,150.0,3.0,10.0,0.12,2.0,0.0,0.0,9.274509803921568,1.0,8.274509803921568,C
Kokola_Biscuit_KukisMochachino_218G,140.0,2.0,8.0,0.135,2.0,0.0,0.0,7.357142857142857,1.0,6.357142857142857,C
Kokola_Biscuit_MajesticChocoLatte_70G,160.0,4.0,9.0,0.04,2.0,0.0,0.0,10.426148335863635,1.0,9.426148335863635,C
Kokola_Biscuit_KukisButterCookies_218G,140.0,2.0,8.0,0.13,2.0,0.0,0.0,7.280060882800611,1.0,6.280060882800611,C
Kokola_Biscuit_SuperCreamPineapple_200G,150.0,3.0,9.0,0.14,2.0,0.0,0.0,9.720202739963273,1.0,8.720202739963273,C
Kokola_Biscuit_MajesticWhite Coffee_70G,160.0,4.0,9.0,0.04,2.0,0.0,0.0,10.426148335863635,1.0,9.426148335863635,C
Kokola_Biscuit_KukisSusuVanila_218G,130.0,3.0,7.0,0.075,2.0,0.0,0.0,9.051348854930046,1.0,8.051348854930046,C
Nextar_Biscuit_StarDoubleCreamCookies_Goguma_8X10.5G,,,,,,,,,,,E
Nextar_Biscuit_StarChocoCookiesRichoco_8X10.5G,,,,,,,,,,,E
Nextar_Biscuit_KoreanGogumaCookies_8X11.25G,,,,,,,,,,,E
Nextar_Biscuit_KrimeroChocRaspberryCookiesRichberry_8X10G,,,,,,,,,,,E
Nextar_Biscuit_KrimeroChocoCookiesRichoco_8X10G,,,,,,,,,,,E
Nextar_Biscuit_NoirChocolate_144G,,,,,,,,,,,E
Nextar_Biscuit_NoirCookies&Cream_161.5G,,,,,,,,,,,E
Nextar_Biscuit_ChocoBrownies_8X11.25G,70.0,2.0,5.0,0.025,1.0,0.0,0.0,5.603519986208441,1.0,4.603519986208441,C
Nextar_Biscuit_NastarCookiesPineapple_8X11.25G,60.0,1.0,4.0,0.05,1.0,0.0,0.0,3.7884354943178473,1.0,2.7884354943178473,C
Tropicana_Biscuit_SlimCookiesDiabetamilNuttyChocolate_200g,100.0,0.0,0.0,0.01,2.0,0.0,0.0,3.337274824969469,1.0,2.337274824969469,C
WRP_Biscuit_EverydayChocolateChipCookies_30g,150.0,4.0,5.0,0.09,2.0,2.0,0.0,10.999999999999998,1.0,9.999999999999998,C
WRP_Biscuit_EverydayDeliChipsSalt&Pepper_40g,210.0,3.0,1.0,0.04,1.0,3.0,0.0,8.406154342325733,2.523809523809524,5.882344818516209,C
WRP_Biscuit_DietCookiesFlakeChocolateChips_240g,200.0,2.5,22.0,0.125,12.0,1.5,0.0,12.86256845384862,4.416666666666666,8.445901787181954,C
Meiji_Biscuit_HelloPandaCookiesandCream_42g,,,,,,,,,,,E
Meiji_Biscuit_HelloPandaStrawberry_42G,150.0,,7.0,0.095,1.0,1.0,0.0,7.001467007198949,1.0,6.001467007198949,C
Meiji_Biscuit_HelloPandaChocolate_42G,150.0,,6.0,0.095,3.0,1.0,0.0,5.002923976608187,2.4989583333333334,2.503965643274854,C
Aim_Biscuit_CrackersCrispy_150G,50.0,,1.0,0.095,1.0,0.0,0.0,3.4881827874350475,1.0,2.4881827874350475,C
Aim_Biscuit_CrackersRoastedCorn_180G,25.0,,0.0,0.015,0.0,0.0,0.0,1.3333333333333333,1.0,0.33333333333333326,B
Glico_Biscuit_PockyCrushedNutsAlmondDarkChocolate_25G,,,,,,,,,,,E
Glico_Biscuit_PejoyVanilaHokkaido_30G,,,,,,,,,,,E
Glico_Biscuit_PockyCrushedNutsAlmondChoco_25G,,,,,,,,,,,E
Glico_Biscuit_PockyChocolate_47G,,,,,,,,,,,E
Glico_Biscuit_PockyStrawberry_45G,,,,,,,,,,,E
Glico_Biscuit_PockyCookies&Cream_37G,210.0,,11.0,0.05,3.0,0.0,0.0,8.912392098254134,2.4989583333333334,6.413433764920801,C
Glico_Biscuit_PockyDoubleChoco_47G,240.0,,9.0,0.05,4.0,0.0,0.0,6.965355280070836,2.2,4.765355280070835,C
Glico_Biscuit_PockyMatcha_33G,170.0,,,,,,,9.013518342168187,,,E
Glico_Biscuit_PejoyChocolate_30G,,,,,,,,,,,E
Glico_Biscuit_PockyStrawberry_45G,,,,,,,,,,,E
Glico_Biscuit_PockyChocolate_47GBox,230.0,,,,,,,9.406614741125715,,,E
Lotte_Biscuit_PeperoBiscuitStickAlmond_32G,,,,,,,,,,,E
Lotte_Biscuit_ChocoPieMarsmallow6'SCheese_156G,,,,,,,,,,,E
Lotte_Biscuit_PeperoBiscuitStickWhiteCookie_32G,,,,,,,,,,,E
Lotte_Biscuit_ChocoPieMarsmallow2'S_52G,120.0,2.5,9.0,0.05,2.0,0.0,0.0,5.669984086653976,1.0,4.669984086653976,C
Lotte_Biscuit_ChocoPieMarsmallow6'S_156G,120.0,2.5,9.0,0.05,2.0,0.0,0.0,5.669984086653976,1.0,4.669984086653976,C
A.T.B_Biscuit_MarieMilk_180G,119.0,,,,,,,5.159087990418906,,,E
Arnott's_Biscuit_NyamNyamSmileyCokelat_45G,,,,,,,,,,,E
Arnott's_Biscuit_NyamNyamPopStixChocolate_48G,80.0,0.0,5.0,0.03,1.0,0.0,0.0,3.326943078004226,1.0,2.326943078004226,C
Arnott's_Biscuit_NyamNyamFantasyStickStrawberry_25G,,,,,,,,,,,E
Arnott's_Biscuit_NyamNyamFantasyStickChocoBerry_25G,,,,,,,,,,,E
Arnott's_Biscuit_NyamNyamBubblePuffChoco_18G,,,,,,,,,,,E
Arnott's_Biscuit_NyamNyamFantasyStickSparklingChoco_25G,,,,,,,,,,,E
Arnott's_Biscuit_NyamNyamFantasyStickChoco_25G,,,,,,,,,,,E
Brio_Biscuit_CrispyBiscuitCrackerGoPotato_60G,100.0,0.0,3.0,0.125,2.0,0.0,0.0,3.337274824969469,1.0,2.337274824969469,C
Indomie_Mie_MieGorengKebuli_85G,400.0,9.0,7.0,1.02,7.0,2.0,0.0,24.517751030998443,2.046225614927905,22.471525416070538,E
Indomie_Mie_MieRawonPedasMercon_75G,350.0,7.0,2.0,1.35,8.0,3.0,0.0,20.317023828576808,4.948538011695906,15.368485816880902,D
Indomie_Mie_MiePremiumJapaneseToriKaraRamen_89G,410.0,9.0,4.0,1.46,7.0,0.0,0.0,22.353733691026978,2.046225614927905,20.307508076099072,E
Indomie_Mie_MieGorengJumboRendang_120G,530.0,15.0,7.0,1.19,12.0,5.0,0.0,17.90732450528624,5.036655373611896,12.870669131674344,D
Indomie_Mie_MieGorengPremiumJapaneseTakoyaki_91G,410.0,8.0,6.0,1.0,6.0,3.0,0.0,24.553009222456758,3.7711864406779667,20.781822781778793,E
Indomie_Mie_MiePremiumJapaneseShoyuRamen_82G,360.0,7.0,3.0,1.1,6.0,2.0,0.0,23.560361651042182,3.888888888888889,19.671472762153293,E
Indomie_Mie_MiePremiumJapaneseToriMisoRamen_86G,390.0,8.0,3.0,1.41,8.0,5.0,0.0,28.091571344631202,5.868619375957404,22.222951968673797,E
Indomie_Mie_MieGorengKebabRendang_83G,370.0,7.0,5.0,0.82,6.0,3.0,0.0,23.710730948396503,3.7711864406779667,19.939544507718537,E
Indomie_Mie_MieKhasKal-SelSotoBanjarKuit_75G,340.0,7.0,4.0,1.05,7.0,8.0,0.0,18.60175524435433,3.0140845070422504,15.587670737312079,D
Indomie_Mie_MieGorengAyamPop_85G,390.0,9.0,4.0,0.95,7.0,3.0,0.0,22.406103703916234,2.8675449346405233,19.53855876927571,E
Indomie_Mie_MieHypeSeblakHotJeletot_75G,360.0,8.0,8.0,1.19,7.0,3.0,0.0,21.93056341167989,2.8675449346405233,19.063018477039368,E
Indomie_Mie_MieGorengAyamGeprek_85G,410.0,9.0,6.0,0.9,9.0,3.0,0.0,26.091084786805595,3.995238095238096,22.0958466915675,E
Indomie_Mie_MieSotoLamongan_80G,360.0,7.0,4.0,1.03,10.0,6.0,0.0,18.730214781657526,8.007268195634808,10.722946586022719,D
Indomie_Mie_MieGorengAceh_90G,430.0,9.0,6.0,0.79,9.0,6.0,0.0,26.332842948331297,4.422242731887402,21.910600216443896,E
Indomie_Mie_MieGorengRicaRica_85G,420.0,10.0,3.0,0.85,8.0,7.0,0.0,27.295261608084257,7.528955874534821,19.766305733549437,E
Indomie_Mie_MieKeritingGorengSpecial_90G,440.0,11.0,8.0,0.83,9.0,3.0,0.0,23.123512670837016,3.995238095238096,19.12827457559892,E
Indomie_Mie_MieGorengJumboSpecial_129G,540.0,12.0,6.0,1.9,11.0,3.0,0.0,20.201526756817227,5.33989753442203,14.861629222395198,D
Indomie_Mie_MieAyamBawang_69G,300.0,6.0,3.0,1.33,7.0,2.0,0.0,21.52243920702936,2.046225614927905,19.476213592101455,E
Indomie_Mie_MieGoreng_85g,380.0,7.0,8.0,1.07,8.0,2.0,0.0,20.950581983690718,5.730696798493408,15.21988518519731,D
Indomie_Mie_MieGorengRendang_91G,420.0,8.0,9.0,1.06,9.0,3.0,0.0,24.598933397675843,3.995238095238096,20.603695302437746,E
Indomie_Mie_MieGorengJumboAyamPanggang_128G,300.0,5.0,4.0,0.91,7.0,2.0,0.0,15.201917008018839,2.046225614927905,13.155691393090933,D
Indomie_Mie_MieAyamSpecial_68G,300.0,5.0,3.0,1.18,7.0,2.0,0.0,19.323856993669537,2.046225614927905,17.27763137874163,D
Indomie_Mie_MieKeritingAyamPanggang_90G,390.0,8.0,12.0,1.46,10.0,3.0,0.0,25.218296697694377,6.1519274376417235,19.066369260052653,E
Indomie_Mie_MieSotoMie_70G,300.0,5.0,4.0,0.91,7.0,2.0,0.0,15.201917008018839,2.046225614927905,13.155691393090933,D
Indomie_Mie_MieKariAyam_72G,320.0,6.0,2.0,1.35,7.0,2.0,0.0,19.581361406183607,2.046225614927905,17.5351357912557,D
Indomie_Mie_MieSotoSpesial_75G,330.0,7.0,2.0,0.92,7.0,5.0,0.0,20.139020750001528,2.80867952952083,17.330341220480697,D
Indomie_Mie_MieKalduAyam_75G,340.0,9.0,0.0,0.98,6.0,4.0,0.0,21.09822668865468,3.888885674054356,17.209341014600323,D
Sarimi_Mie_MieIgaSapi_0G,,,,,,,,,,,E
Sarimi_Mie_MieGoreng(Isi2)AyamKecap_126G,590.0,12.0,13.0,1.35,11.0,4.0,0.0,25.90955619579056,6.3014602276674285,19.60809596812313,E
Sarimi_Mie_MieAyamBawang_75G,300.0,4.5,3.0,1.27,7.0,2.0,0.0,17.252804172240317,2.046225614927905,15.206578557312412,D
Sarimi_Mie_MieGorengAyamKremess_125G,500.0,12.0,12.0,1.33,10.0,4.0,0.0,21.880342285043678,7.321208159546193,14.559134125497486,D
PopMie_Mie_MiAyam(Paper)_75G,,,,,,,,,,,E
PopMie_Mie_MiToriKaraRamen_70G,,,,,,,,,,,E
PopMie_Mie_MiToriMisoRamen_77g,,,,,,,,,,,E
PopMie_Mie_MiPedesDowerPangsitJontor_75g,,,,,,,,,,,E
Indomie_Mie_MieGorengAyamPop_85G,,,,,,,,,,,E
PopMie_Mie_MiGorengJumboSpesial_80G,,,,,,,,,,,E
PopMie_Mie_MiAyamBawang_75G,330.0,7.0,4.0,1.32,7.0,3.0,0.0,18.568018574456964,2.8675449346405233,15.70047363981644,D
PopMie_Mie_MiPedasDowerAyam_75G,360.0,8.0,4.0,1.32,6.0,3.0,0.0,20.09885671414551,3.7711864406779667,16.327670273467543,D
PopMie_Mie_MiBaso_75G,250.0,5.0,4.0,1.37,5.0,2.0,0.0,14.782332045025813,4.230854360336433,10.551477684689381,D
PopMie_Mie_MiAyam_75G,,,,,,,,,,,E
PopMie_Mie_MiMiniSotoMie_35G,150.0,5.0,5.0,0.98,2.0,1.0,0.0,16.650254785369903,1.0,15.650254785369903,D
Sedaap_Mie_MieKuahAyamJerit_77G,350.0,7.0,3.0,0.86,10.0,5.0,0.0,25.559643854436437,7.485015667748836,18.0746281866876,E
Sedaap_Mie_MieBakedSoto_76G,270.0,1.5,3.0,0.97,6.0,5.0,0.0,11.883174697198001,3.888888888888889,7.994285808309112,C
Sedaap_Mie_MieAyamNampol_75G,340.0,2.0,3.0,0.99,8.0,5.0,0.0,14.36717422263419,5.868619375957404,8.498554846676786,C
Sedaap_Mie_MieSotoMadura_82G,380.0,7.0,2.0,1.05,9.0,5.0,0.0,20.983213340000184,4.712329792809848,16.270883547190337,D
Sedaap_Mie_MieBasoBleduk_77G,350.0,7.0,2.0,0.87,9.0,5.0,0.0,22.203061085230093,4.712329792809848,17.490731292420243,D
Sedaap_Mie_MieTastyBakmiAyamBeefYakiniku_115G,530.0,10.0,5.0,1.12,13.0,7.0,0.0,17.240884531262378,7.05678274837531,10.184101782887067,D
Sedaap_Mie_MieInstantAyamJerit_75G,350.0,8.0,2.0,0.95,6.0,5.0,0.0,21.86424049682277,3.888888888888889,17.97535160793388,D
Sedaap_Mie_MieKoreanSpicyChicken_81G,400.0,8.0,4.0,0.9,7.0,5.0,0.0,21.10473583659262,2.80867952952083,18.29605630707179,E
Sedaap_Mie_MieGorengKoreanSpicy_87G,390.0,5.0,5.0,1.21,8.0,4.0,0.0,16.699902676005667,5.601286077812502,11.098616598193164,D
Sedaap_Mie_MieTastyBakmiAyam_129G,600.0,10.0,5.0,1.19,14.0,8.0,0.0,19.597556299194576,4.416666666666666,15.18088963252791,D
Sedaap_Mie_MieKariSpecial_76G,390.0,12.0,4.0,1.48,7.0,3.0,0.0,12.05837013685054,2.8675449346405233,9.190825202210016,C
Sedaap_Mie_MieGoreng_90G,410.0,8.0,3.0,1.04,10.0,2.0,0.0,26.231397460035883,7.594982078853047,18.636415381182836,E
Sedaap_Mie_MieKariAyam_72G,340.0,7.0,3.0,0.98,8.0,2.0,0.0,23.00116420160068,5.730696798493408,17.270467403107272,D
Sedaap_Mie_MieAyamBawang_70G,320.0,8.0,3.0,0.18,8.0,2.0,0.0,19.428835765595743,5.730696798493408,13.698138967102334,D
Sedaap_Mie_MieSoto_75G,360.0,6.0,3.0,1.03,9.0,2.0,0.0,21.68322906171412,4.271929824561403,17.411299237152715,D
Sedaap_Mie_MieGorengCup_85G,190.0,1.0,2.0,0.24,2.0,0.0,0.0,5.725841722537823,1.0,4.725841722537823,C
Sedaap_Mie_MieGorengAyamKrispi_88G,390.0,7.0,6.0,0.97,8.0,3.0,0.0,23.347845504955522,4.948538011695906,18.399307493259617,E
Sedaap_Mie_MieSotoCup_81g,370.0,7.0,2.0,1.21,8.0,7.0,0.0,20.69428895850949,7.528955874534821,13.165333083974668,D
Sedaap_Mie_MieBaso_72G,330.0,3.0,3.0,0.18,3.0,0.0,0.0,12.356438750949003,2.4989583333333334,9.857480417615669,C
Sedaap_Mie_MieKariSpesial_75G,360.0,9.0,3.0,1.11,8.0,2.0,0.0,27.3146268296983,5.730696798493408,21.583930031204893,E
Bihunku_Mie_BihunInstantSotoSpesial_55G,200.0,0.0,1.0,1.26,4.0,0.0,0.0,9.071044170079956,2.2,6.871044170079956,C
Nissin_Mie_MieGekikaraRamenPedas_109G,500.0,9.0,4.0,1.2,9.0,6.0,0.0,23.593433892132314,4.422242731887402,19.171191160244913,E
Nissin_Mie_MieGorengGekikaraRamenPedas_118G,550.0,11.0,6.0,0.055,12.0,3.0,0.0,9.147827655916533,4.041666666666668,5.106160989249865,C
Nissin_Mie_RamenKalduAyamAlaJepang_76G,380.0,8.0,3.0,1.09,7.0,2.0,0.0,26.885100809906252,2.046225614927905,24.838875194978346,E
Nissin_Mie_RamenTakoyakiJepang_78G,430.0,8.0,6.0,1.5,8.0,3.0,0.0,24.75864976733205,4.948538011695906,19.810111755636143,E
Nissin_Mie_InstantCupNoodlesKalduSapi_66g,300.0,7.0,3.0,0.99,7.0,3.0,0.0,23.721021420389185,2.8675449346405233,20.85347648574866,E
Nissin_Mie_InstantCupNoodlesKalduAyam_67g,310.0,8.0,4.0,0.85,7.0,3.0,0.0,23.451451628547414,2.8675449346405233,20.58390669390689,E
Nabati_Mie_RicheeseMiInstantSotoMi_75G,340.0,6.0,3.0,1.25,7.0,0.0,0.0,21.274366205807382,2.046225614927905,19.228140590879477,E
Nabati_Mie_RicheeseMiGorengPedasRichicken_77G,330.0,7.0,5.0,0.87,6.0,0.0,0.0,21.23185674058014,3.888888888888889,17.342967851691252,D
Nabati_Mie_RicheeseMiGorengKejuPedasFireLevel3_75G,340.0,7.0,4.0,0.77,6.0,0.0,0.0,20.147450824003194,3.888888888888889,16.258561935114304,D
Nabati_Mie_RicheeseMiInstantRamenKejuPedasFireLevel5_67G,270.0,5.0,2.0,1.49,6.0,0.0,0.0,15.889529476356902,3.888888888888889,12.000640587468013,D
Nabati_Mie_RicheeseMiGorengKejuFireLevel5_75G,340.0,8.0,2.0,1.37,6.0,0.0,0.0,21.707902136750132,3.888888888888889,17.819013247861243,D
Nabati_Mie_RicheeseMiInstantRamenKejuPedasFireLevel3_67G,270.0,5.0,1.0,1.45,6.0,0.0,0.0,14.776140536271761,3.888888888888889,10.887251647382872,D
Supermi_Mie_MieInstantAyamBawang_70G,320.0,6.0,3.0,1.45,7.0,0.0,0.0,24.10495355416423,2.046225614927905,22.058727939236324,E
ABC_Mie_MieSeleraSemurAyamPedas_70G,320.0,6.0,3.0,1.34,6.0,3.0,0.0,24.10495355416423,3.7711864406779667,20.333767113486264,E
ABC_Mie_MieGorengSeleraPedasNampolSapiPedas_80g,400.0,11.0,3.0,1.23,8.0,6.0,0.0,21.8238999209937,5.730696798493408,16.09320312250029,D
ABC_Mie_MieCupSeleraPedasGulaiAyamPedas_60G,280.0,7.0,3.0,1.12,7.0,2.0,0.0,22.149142494956294,2.046225614927905,20.10291688002839,E
ABC_Mie_MieRebusSeleraPedasGulaiAyamPedas_70G,110.0,6.0,3.0,2.1,6.0,2.0,0.0,16.97180851661768,3.888888888888889,13.082919627728792,D
Bestwok_Mie_MiGorengOriginal_85g,420.0,8.0,8.0,1.08,7.0,2.0,0.0,22.851997467543942,2.046225614927905,20.805771852616036,E
Bestwok_Mie_MiGorengBlackpepperSeafood_80g,400.0,9.0,5.0,0.97,7.0,2.0,0.0,24.706605097420006,2.046225614927905,22.6603794824921,E
Bestwok_Mie_MiGorengHot&Spicy_80g,400.0,8.0,7.0,0.96,7.0,3.0,0.0,22.703226711581028,2.8675449346405233,19.835681776940504,E
Lemonilo_Mie_MieInstantAlamiGoreng_65G,283.0,2.0,1.0,0.596,9.0,3.0,0.0,11.420713974844585,3.995238095238096,7.425475879606489,C
Lemonilo_Mie_MieInstantKuahAlamiAyamBawang_60G,267.0,2.0,1.0,0.948,9.0,3.0,0.0,10.491542744931861,3.995238095238096,6.496304649693765,C
BurungDara_Mie_MieTelurUraiOriginal_140G,510.0,1.0,1.0,1.1,21.0,4.0,0.0,12.756192664660416,2.1855859406720946,10.570606723988321,D
BurungDara_Mie_MieTelurUraiPipih_140G,510.0,1.0,1.0,1.11,21.0,4.0,0.0,12.756192664660416,2.1855859406720946,10.570606723988321,D
NongShim_Mie_InstantNoodleShinRamyunStirFry_131G,,,,,,,,,,,E
NongShim_Mie_PotatoNoodleSoup_110G,,,,,,,,,,,E
NongShim_Mie_InstantFriedNoodleBeefBulgogi_105G,,,,,,,,,,,E
NongShim_Mie_InstantFriedNoodleSeafoodBulgogi_105g,,,,,,,,,,,E
NongShim_Mie_KimchiRamyunSpicy_120G,,,,,,,,,,,E
NongShim_Mie_Chapagetti_140G,,,,,,,,,,,E
NongShim_Mie_InstantNoodleKimchRamyun_120g,260.0,5.0,3.0,1.23,5.0,0.0,0.0,17.92663974026923,4.230854360336433,13.695785379932797,D
NongShim_Mie_InstantNoodleShinRamyunShrimp_120g,497.0,8.0,2.8,2.216,11.5,0.0,0.0,27.07181804234177,4.954362012708227,22.117456029633544,E
NongShim_Mie_InstantNoodleKoreanClayPot_70g,307.0,6.3,2.6,1.23,5.2,0.0,0.0,20.274924953102843,4.207885304659498,16.067039648443345,D
NongShim_Mie_InstantNoodleKoreanClayPot_120g,505.0,8.2,3.5,2.29,11.4,0.0,0.0,21.974910830987724,5.377192982456137,16.597717848531587,D
NongShim_Mie_InstantNoodleUdon_120G,422.0,6.7,5.1,1.523,7.6,0.0,0.0,18.45451312361972,5.9014336917562735,12.553079431863445,D
NongShim_Mie_InstantNoodleKimchRamyun_70G,150.0,3.5,1.0,0.54,3.0,0.0,0.0,13.782681356388967,2.4989583333333334,11.283723023055632,D
NongShim_Mie_InstantNoodleShinRamyunSpicyMushroom_120G,504.0,8.3,2.2,1.74,10.2,0.0,0.0,24.794626423949072,7.5,17.294626423949072,D
NongShim_Mie_InstantNoodleShinRamyunSpicyMushroom_72G,309.0,5.4,1.9,1.829,6.0,0.0,0.0,16.230062724786418,3.888888888888889,12.341173835897528,D
Mama_Mie_MiGoreng_80g,370.0,13.0,0.0,0.79,0.0,2.0,0.0,14.252238938587832,1.0,13.252238938587832,D
Arirang_Mie_MieInstantKuahSumSum_110G,580.0,14.0,0.0,3.26,0.0,0.0,0.0,18.716526723106078,1.0,17.716526723106078,D
Arirang_Mie_MieInstantGorengPedas_130g,570.0,13.0,0.0,2.68,0.0,0.0,0.0,18.934922879412433,1.0,17.934922879412433,D
Arirang_Mie_MieInstantGorengAyam_130g,580.0,14.0,0.0,1.86,0.0,0.0,0.0,18.716526723106078,1.0,17.716526723106078,D
Sukses's_Mie_MieGorengIsi2AyamKecap_129G,590.0,10.0,11.0,1.17,14.0,10.0,0.0,22.63768084034285,4.416666666666666,18.22101417367618,E
Sukses's_Mie_MieGorengIsi2AyamKremes_133G,620.0,12.0,7.0,1.53,13.0,8.0,0.0,18.26341294025574,3.7222222222222223,14.54119071803352,D
3Ayam_Mie_MieTelorSuperKuning_200G,230.0,0.0,2.0,0.49,8.0,6.0,0.0,11.01138288240996,5.730696798493408,5.280686083916551,C
3Ayam_Mie_MieTelorSuperMerah_200G,240.0,0.0,2.0,0.49,7.0,5.0,0.0,11.57590837695914,2.80867952952083,8.767228847438309,C
